,init_pos,final_pos,peak_pos
0,13.421058551526778,0.004891657852456072,0.019136457374829136
1,6.821854156548548,0.05378156176652771,0.09130040608480006
2,6.613322117078084,0.04929319959175926,0.10878473739545802
3,8.39964324753786,0.052990101714068705,0.0891651563560345
4,6.954185527724617,0.13135976072378275,0.13297076137111324
5,7.385972858350634,0.10394772442954958,0.15846103210329654
6,7.187772481779239,0.15775983755254197,0.16083306760810756
7,5.600423369496438,0.23851807352141452,0.2603638282176256
8,5.076906675514904,0.29694303937162714,0.33869526599538313
9,4.969776009748424,0.32373654004130176,0.3233854600706231
10,6.403620738666832,0.20497172647834486,0.20532330530465287
11,9.2614192737386,0.04308864755624875,0.09388228720548497
12,7.9821166784365305,0.10177851840839203,0.17892882182697836
13,8.076271182363291,0.11574509383866388,0.1840072350254293
14,12.378318623423898,0.00035882420909977286,0.014138991511306875
15,6.615023970281856,0.15335848163498106,0.1510564071383393
16,14.03846153846154,-0.0,-0.0
17,10.822562748607206,-0.0012315310196189255,0.020845919047177808
18,7.114581417435772,0.1265913848907697,0.1721665733296056
19,12.499498172772958,-0.0002622607968710833,0.0141137828965755
20,9.923832635674131,0.0038528863947442926,0.04276996568723784
21,11.285084153537785,0.0009821689133381883,0.021990135470777883
22,9.813374244153138,0.01458377686935014,0.04538051746149971
23,13.706113938536713,-0.00036756127949919004,0.010528718568367179
24,12.622686683172393,0.006557047339682709,0.015160559592550527
25,11.951134800491197,0.0020234710128071987,0.01679088894314046
26,10.630794461606389,0.006724589009480031,0.02209315063382966
27,12.852833379543812,0.0006719041500067302,0.009590273986685216
28,9.612541296704908,0.03871493408136906,0.06349348658036891
29,11.52390638243769,0.00019127818520225937,0.017092909925483513
